grupo,deporte
Joven,Beisbol
Joven,Beisbol
Joven,Beisbol
Joven,Beisbol
Joven,Beisbol
Joven,Beisbol
Joven,Beisbol
Joven,Beisbol
Joven,Beisbol
Joven,Beisbol
Joven,Beisbol
Joven,Beisbol
Joven,Beisbol
Joven,Beisbol
Joven,Beisbol
Joven,Beisbol
Joven,Beisbol
Joven,Beisbol
Joven,Beisbol
Joven,Beisbol
Joven,Beisbol
Joven,Beisbol
Joven,Beisbol
Joven,Beisbol
Joven,Beisbol
Joven,Beisbol
Joven,Beisbol
Joven,Beisbol
Joven,Beisbol
Joven,Beisbol
Joven,Beisbol
Joven,Beisbol
Joven,Beisbol
Joven,Beisbol
Joven,Baloncesto
Joven,Baloncesto
Joven,Baloncesto
Joven,Baloncesto
Joven,Baloncesto
Joven,Baloncesto
Joven,Baloncesto
Joven,Baloncesto
Joven,Baloncesto
Joven,Baloncesto
Joven,Baloncesto
Joven,Baloncesto
Joven,Baloncesto
Joven,Baloncesto
Joven,Baloncesto
Joven,Baloncesto
Joven,Baloncesto
Joven,Baloncesto
Joven,Baloncesto
Joven,Baloncesto
Joven,Baloncesto
Joven,Baloncesto
Joven,Baloncesto
Joven,Baloncesto
Joven,Baloncesto
Joven,Baloncesto
Joven,Baloncesto
Joven,Baloncesto
Joven,Baloncesto
Joven,Baloncesto
Joven,Baloncesto
Joven,Baloncesto
Joven,Baloncesto
Joven,Baloncesto
Joven,Baloncesto
Joven,Baloncesto
Joven,Baloncesto
Joven,Baloncesto
Joven,Baloncesto
Joven,Baloncesto
Joven,Tenis
Joven,Tenis
Joven,Tenis
Joven,Tenis
Joven,Tenis
Joven,Tenis
Joven,Tenis
Joven,Tenis
Joven,Tenis
Joven,Tenis
Joven,Tenis
Joven,Tenis
Joven,Tenis
Joven,Tenis
Joven,Tenis
Joven,Tenis
Joven,Tenis
Joven,Tenis
Joven,Tenis
Joven,Tenis
Joven,Tenis
Joven,Tenis
Joven,Tenis
Joven,Tenis
Joven,Tenis
Joven,Tenis
Joven,Tenis
Joven,Tenis
Joven,Tenis
Joven,Tenis
Joven,Tenis
Joven,Tenis
Joven,Tenis
Joven,Tenis
Joven,Tenis
Joven,Tenis
Joven,Tenis
Joven,Tenis
Joven,Tenis
Joven,Tenis
Joven,Tenis
Joven,Tenis
Joven,Tenis
Joven,Tenis
Joven,Tenis
Joven,Tenis
Joven,Tenis
Joven,Tenis
Joven,Tenis
Joven,Tenis
Joven,Tenis
Joven,Tenis
Joven,Tenis
Joven,Tenis
Joven,Tenis
Joven,Tenis
Joven,Tenis
Joven,Tenis
Joven,Futbol
Joven,Futbol
Joven,Futbol
Joven,Futbol
Joven,Futbol
Joven,Futbol
Joven,Futbol
Joven,Futbol
Joven,Futbol
Joven,Futbol
Joven,Futbol
Joven,Futbol
Joven,Futbol
Joven,Futbol
Joven,Futbol
Joven,Futbol
Joven,Futbol
Joven,Futbol
Joven,Beisbol
Joven,Beisbol
Joven,Beisbol
Joven,Beisbol
Joven,Beisbol
Joven,Beisbol
Joven,Beisbol
Joven,Beisbol
Joven,Beisbol
Joven,Beisbol
Joven,Beisbol
Joven,Beisbol
Joven,Beisbol
Joven,Beisbol
Joven,Beisbol
Joven,Beisbol
Joven,Beisbol
Joven,Beisbol
Joven,Beisbol
Joven,Beisbol
Joven,Beisbol
Joven,Beisbol
Joven,Beisbol
Joven,Beisbol
Joven,Beisbol
Joven,Beisbol
Joven,Beisbol
Joven,Beisbol
Joven,Beisbol
Joven,Beisbol
Joven,Beisbol
Joven,Beisbol
Joven,Beisbol
Joven,Beisbol
Joven,Baloncesto
Joven,Baloncesto
Joven,Baloncesto
Joven,Baloncesto
Joven,Baloncesto
Joven,Baloncesto
Joven,Baloncesto
Joven,Baloncesto
Joven,Baloncesto
Joven,Baloncesto
Joven,Baloncesto
Joven,Baloncesto
Joven,Baloncesto
Joven,Baloncesto
Joven,Baloncesto
Joven,Baloncesto
Joven,Baloncesto
Joven,Baloncesto
Adulto,Baloncesto
Adulto,Baloncesto
Adulto,Baloncesto
Adulto,Baloncesto
Adulto,Baloncesto
Adulto,Baloncesto
Adulto,Baloncesto
Adulto,Baloncesto
Adulto,Baloncesto
Adulto,Baloncesto
Adulto,Baloncesto
Adulto,Baloncesto
Adulto,Baloncesto
Adulto,Baloncesto
Adulto,Baloncesto
Adulto,Baloncesto
Adulto,Baloncesto
Adulto,Baloncesto
Adulto,Baloncesto
Adulto,Baloncesto
Adulto,Baloncesto
Adulto,Baloncesto
Adulto,Baloncesto
Adulto,Baloncesto
Adulto,Baloncesto
Adulto,Baloncesto
Adulto,Baloncesto
Adulto,Baloncesto
Adulto,Baloncesto
Adulto,Baloncesto
Adulto,Baloncesto
Adulto,Baloncesto
Adulto,Baloncesto
Adulto,Baloncesto
Adulto,Tenis
Adulto,Tenis
Adulto,Tenis
Adulto,Tenis
Adulto,Tenis
Adulto,Tenis
Adulto,Tenis
Adulto,Tenis
Adulto,Tenis
Adulto,Tenis
Adulto,Tenis
Adulto,Tenis
Adulto,Tenis
Adulto,Tenis
Adulto,Tenis
Adulto,Tenis
Adulto,Tenis
Adulto,Tenis
Adulto,Tenis
Adulto,Tenis
Adulto,Futbol
Adulto,Futbol
Adulto,Futbol
Adulto,Futbol
Adulto,Futbol
Adulto,Futbol
Adulto,Futbol
Adulto,Futbol
Adulto,Futbol
Adulto,Futbol
Adulto,Futbol
Adulto,Futbol
Adulto,Futbol
Adulto,Futbol
Adulto,Futbol
Adulto,Futbol
Adulto,Futbol
Adulto,Futbol
Adulto,Futbol
Adulto,Futbol
Adulto,Futbol
Adulto,Futbol
Adulto,Futbol
Adulto,Futbol
Adulto,Futbol
Adulto,Futbol
Adulto,Futbol
Adulto,Futbol
Adulto,Futbol
Adulto,Futbol
Adulto,Futbol
Adulto,Futbol
Adulto,Futbol
Adulto,Futbol
Adulto,Futbol
Adulto,Futbol
Adulto,Futbol
Adulto,Futbol
Adulto,Futbol
Adulto,Futbol
Adulto,Futbol
Adulto,Futbol
Adulto,Futbol
Adulto,Futbol
